n,k,m,naive_version_time,matrix_version_time,iterations_count
99,252,801,12.297613859176636,0.06005549430847168,10
99,618,634,23.44107151031494,0.08107423782348633,10
99,33,662,1.3084468841552734,0.024021625518798828,10
99,261,937,14.546519756317139,0.07406878471374512,10
99,93,986,5.566151142120361,0.05304908752441406,10
99,430,960,24.81802797317505,0.10209155082702637,10
99,898,960,51.6851532459259,0.1801614761352539,10
99,576,857,29.639358043670654,0.10409140586853027,10
99,250,873,12.897385358810425,0.06406259536743164,10
99,106,983,6.247327566146851,0.05505037307739258,10
99,400,320,7.749027490615845,0.030028343200683594,10
99,12,747,0.5444953441619873,0.028026103973388672,10
99,455,716,19.65277361869812,0.0740664005279541,10
99,1000,79,4.877615451812744,0.0720665454864502,10
99,749,427,19.20079278945923,0.07006454467773438,10
99,818,489,24.038976192474365,0.08607649803161621,10
99,190,407,4.60001802444458,0.019019603729248047,10
99,655,829,32.53319573402405,0.11310434341430664,10
99,645,87,3.3610780239105225,0.029027223587036133,10
99,468,121,3.367502450942993,0.01902008056640625,10
99,890,94,5.082208871841431,0.0520474910736084,10
99,86,450,2.3665213584899902,0.017017126083374023,10
99,624,671,25.506343841552734,0.09108376502990723,10
99,204,323,4.022975206375122,0.01701664924621582,10
99,311,882,16.27298593521118,0.07119107246398926,10
99,777,765,35.72222590446472,0.1311182975769043,10
99,917,907,51.80983591079712,0.18616390228271484,10
99,599,430,15.834330081939697,0.05505061149597168,10
99,162,685,6.7916436195373535,0.03603243827819824,10
99,185,417,4.709855794906616,0.01901865005493164,10
99,183,360,4.044256925582886,0.012013673782348633,10
99,923,189,10.724739789962769,0.062059640884399414,10
99,793,426,20.86906409263611,0.07506990432739258,10
99,363,772,17.14486312866211,0.06806135177612305,10
99,592,479,17.308923959732056,0.05604910850524902,10
99,224,500,6.828901290893555,0.02641892433166504,10
99,151,365,3.361466407775879,0.015012979507446289,10
99,509,47,1.47137451171875,0.021020174026489258,10
99,267,832,13.638899803161621,0.06205916404724121,10
99,338,422,8.716397762298584,0.03203010559082031,10
99,249,228,3.468606472015381,0.015007734298706055,10
99,22,527,0.71866774559021,0.01701521873474121,10
99,808,59,2.924672842025757,0.037035226821899414,10
99,792,920,44.66536092758179,0.1561446189880371,10
99,10,210,0.12711238861083984,0.006008148193359375,10
99,936,702,40.98793339729309,0.15714144706726074,10
99,104,749,4.970517635345459,0.036037445068359375,10
99,450,385,10.672708988189697,0.03803515434265137,10
99,461,803,22.736361265182495,0.0840756893157959,10
99,999,680,41.231165170669556,0.15213799476623535,10
99,748,840,38.45299220085144,0.13885998725891113,10
99,814,856,41.91861915588379,0.14513254165649414,10
99,251,442,6.67350172996521,0.028025388717651367,10
99,735,418,18.422864198684692,0.06906247138977051,10
99,719,849,37.708839893341064,0.14012813568115234,10
99,721,268,11.591592788696289,0.05104875564575195,10
99,175,431,4.669398784637451,0.027232646942138672,10
99,135,580,4.862459421157837,0.025022268295288086,10
99,721,995,43.570823431015015,0.16933989524841309,10
99,545,67,2.1933581829071045,0.02202010154724121,10
99,44,474,1.26094651222229,0.021022558212280273,10
99,384,538,12.808050632476807,0.054047584533691406,10
99,804,659,32.56399917602539,0.12311410903930664,10
99,294,253,4.464388132095337,0.018016576766967773,10
99,406,868,21.527069568634033,0.08607888221740723,10
99,310,584,11.131674766540527,0.04404139518737793,10
99,301,306,5.505440711975098,0.016016244888305664,10
99,981,991,58.2656512260437,0.2201993465423584,10
99,599,488,17.5639967918396,0.058057308197021484,10
99,532,773,24.944109678268433,0.0940864086151123,10
99,198,635,7.477636814117432,0.03603219985961914,10
99,152,917,8.284537553787231,0.05304741859436035,10
99,279,948,15.838268518447876,0.07507061958312988,10
99,621,656,24.37599539756775,0.0840768814086914,10
99,949,756,43.23755979537964,0.1561434268951416,10
99,83,685,3.4405219554901123,0.029026269912719727,10
99,318,177,3.333326578140259,0.012013912200927734,10
99,661,849,33.83442497253418,0.1261143684387207,10
99,360,752,16.18196725845337,0.0640559196472168,10
99,430,759,19.59820246696472,0.08007645606994629,10
99,205,904,11.133982419967651,0.06406116485595703,10
99,43,852,2.2175896167755127,0.03703427314758301,10
99,622,358,13.584892988204956,0.05305123329162598,10
99,466,66,1.850114107131958,0.01601696014404297,10
99,819,938,47.01224136352539,0.17215394973754883,10
99,964,670,39.330533504486084,0.14513635635375977,10
99,357,682,15.009449005126953,0.06305789947509766,10
99,141,713,6.041784048080444,0.03803253173828125,10
99,162,538,5.1872053146362305,0.025022506713867188,10
99,960,939,54.90704035758972,0.20826244354248047,10
99,998,878,52.826120138168335,0.2031857967376709,10
99,102,563,3.4679834842681885,0.020020484924316406,10
99,333,432,8.529154777526855,0.032027482986450195,10
99,512,269,8.993725061416626,0.035033464431762695,10
99,851,12,0.622563362121582,0.04104042053222656,10
99,533,365,11.516315698623657,0.04304242134094238,10
99,552,179,5.904877662658691,0.028026103973388672,10
99,375,362,8.045574426651001,0.03102874755859375,10
99,127,33,0.2542300224304199,0.0020029544830322266,10
99,666,734,29.257433652877808,0.1010904312133789,10
99,647,79,3.1124746799468994,0.030029296875,10
99,325,781,15.347974061965942,0.06405854225158691,10
99,360,105,2.3181071281433105,0.01201319694519043,10
99,151,367,3.2990000247955322,0.015016317367553711,10
99,1,365,0.024993181228637695,0.020043134689331055,10
99,910,519,29.18592929840088,0.11210370063781738,10
99,958,565,32.75424599647522,0.11910820007324219,10
99,812,577,28.607898950576782,0.10309147834777832,10
99,399,352,8.434220552444458,0.03303050994873047,10
99,569,372,12.828572273254395,0.04804539680480957,10
99,2,810,0.10609316825866699,0.031029462814331055,10
99,344,601,12.677429676055908,0.0470426082611084,10
99,67,171,0.6866269111633301,0.006005525588989258,10
99,349,171,3.543865442276001,0.01601386070251465,10
99,369,666,14.763976573944092,0.05905270576477051,10
99,941,78,4.575483083724976,0.06305980682373047,10
99,293,622,11.103211402893066,0.05004692077636719,10
99,59,755,2.772136688232422,0.031028032302856445,10
99,888,178,9.643293619155884,0.06305646896362305,10
99,170,495,5.03558087348938,0.025022506713867188,10
99,462,283,7.993246078491211,0.03503060340881348,10
99,191,584,6.706296920776367,0.030026912689208984,10
99,893,959,52.02752065658569,0.20894837379455566,10
99,215,658,8.590727806091309,0.04403948783874512,10
99,130,312,2.4670610427856445,0.014525413513183594,10
99,114,927,6.337242841720581,0.05303645133972168,10
99,976,822,48.933135747909546,0.19217443466186523,10
99,558,353,11.709092617034912,0.040038108825683594,10
99,320,434,8.53683853149414,0.03503298759460449,10
99,766,662,31.31464648246765,0.12011170387268066,10
99,388,132,3.078516960144043,0.01701521873474121,10
99,791,625,29.5552499294281,0.1020965576171875,10
99,683,188,7.924072504043579,0.04503750801086426,10
99,727,65,2.9076552391052246,0.03614354133605957,10
99,996,876,52.265544176101685,0.18770360946655273,10
99,577,169,5.847716331481934,0.030028820037841797,10
99,43,154,0.395357608795166,0.0050051212310791016,10
99,890,28,1.4877939224243164,0.038039445877075195,10
99,795,470,22.352671146392822,0.08207345008850098,10
99,912,66,3.636336326599121,0.04704570770263672,10
99,4,329,0.08207535743713379,0.005002737045288086,10
99,99,994,5.873672008514404,0.05805349349975586,10
99,11,359,0.23621344566345215,0.009009838104248047,10
99,523,213,6.59879732131958,0.028025388717651367,10
99,943,66,3.7096335887908936,0.047048091888427734,10
99,376,846,18.917351245880127,0.07607316970825195,10
99,134,514,4.079256057739258,0.021021604537963867,10
99,614,74,2.7244977951049805,0.024024486541748047,10
99,264,830,13.029412269592285,0.06005668640136719,10
99,305,684,12.432556867599487,0.04904341697692871,10
99,101,858,5.145059108734131,0.045041799545288086,10
99,3,456,0.08407783508300781,0.012010574340820312,10
99,141,631,5.326385736465454,0.02301931381225586,10
99,97,336,1.9843471050262451,0.012017011642456055,10
99,79,320,1.521390438079834,0.01000833511352539,10
99,635,205,7.722338438034058,0.04103660583496094,10
99,566,967,32.66699814796448,0.12310957908630371,10
99,33,670,1.3365232944488525,0.025538206100463867,10
99,188,608,6.766232967376709,0.03103160858154297,10
99,970,794,46.025673389434814,0.16414737701416016,10
99,406,317,7.768479347229004,0.02802562713623047,10
99,763,655,29.81964635848999,0.10209321975708008,10
99,167,224,2.245053291320801,0.012007713317871094,10
99,743,789,35.03297710418701,0.1260075569152832,10
99,943,782,43.979501247406006,0.16114211082458496,10
99,305,898,16.34960126876831,0.07606887817382812,10
99,215,570,7.313255310058594,0.02902507781982422,10
99,861,347,17.688738107681274,0.07106566429138184,10
99,169,902,9.125661134719849,0.05304718017578125,10
99,27,200,0.33029723167419434,0.004006147384643555,10
99,392,811,18.92269992828369,0.07506561279296875,10
99,798,62,2.934981107711792,0.03403043746948242,10
99,302,648,11.762284755706787,0.04604601860046387,10
99,436,179,4.662255525588989,0.021018505096435547,10
99,314,547,10.204751014709473,0.03903341293334961,10
99,324,632,12.280311346054077,0.049042463302612305,10
99,379,563,12.68898606300354,0.04604601860046387,10
99,192,31,0.3604717254638672,0.008008718490600586,10
99,443,416,10.94200348854065,0.03903913497924805,10
99,369,475,10.446077346801758,0.03903532028198242,10
99,425,271,6.93638014793396,0.029026269912719727,10
99,217,887,11.395524978637695,0.058049678802490234,10
99,504,731,21.903661727905273,0.07706713676452637,10
99,210,676,8.410537004470825,0.04303431510925293,10
99,614,211,7.778308868408203,0.03703761100769043,10
99,123,527,3.875633478164673,0.022195816040039062,10
99,83,665,3.263117551803589,0.024019479751586914,10
99,18,811,0.8697919845581055,0.0330357551574707,10
99,970,903,52.3555588722229,0.1911754608154297,10
99,990,918,54.619057416915894,0.19217562675476074,10
99,91,191,1.0379509925842285,0.0070037841796875,10
99,820,825,40.57910895347595,0.14013075828552246,10
99,581,436,15.133980512619019,0.052046775817871094,10
99,987,706,41.78075695037842,0.1531352996826172,10
99,121,274,2.003838539123535,0.012010574340820312,10
99,855,369,18.812159061431885,0.07907247543334961,10
99,675,304,12.625914335250854,0.054047346115112305,10
99,165,499,5.014560699462891,0.021020889282226562,10
99,985,341,21.025100469589233,0.10509872436523438,10
99,629,903,40.53352689743042,0.17315983772277832,10
99,901,496,27.463422060012817,0.10109543800354004,10
99,615,515,18.913461446762085,0.06806206703186035,10
99,945,393,22.413187980651855,0.09808635711669922,10
99,677,458,18.72492551803589,0.06305789947509766,10
99,815,128,6.291464805603027,0.04303884506225586,10
99,109,567,3.6781671047210693,0.021017789840698242,10
99,378,907,20.419915437698364,0.08407974243164062,10
99,982,999,58.399033069610596,0.2031874656677246,10
99,810,928,44.68850064277649,0.1561429500579834,10
99,787,21,0.994901180267334,0.033032894134521484,10
99,718,28,1.217578411102295,0.0300290584564209,10
99,44,122,0.3423120975494385,0.0050046443939208984,10
99,791,871,40.94583296775818,0.14212942123413086,10
99,115,497,3.3810765743255615,0.020018815994262695,10
99,542,74,2.389305591583252,0.022017955780029297,10
99,124,63,0.4734351634979248,0.009006500244140625,10
99,730,423,18.487056493759155,0.06305670738220215,10
99,300,280,4.96895170211792,0.01501321792602539,10
99,469,930,26.47694492340088,0.1060953140258789,10
99,515,513,15.932551622390747,0.054050445556640625,10
99,489,619,18.100483655929565,0.06108498573303223,10
99,145,92,0.7989840507507324,0.008005619049072266,10
99,258,356,5.469434022903442,0.01901841163635254,10
99,601,18,0.6455888748168945,0.021021604537963867,10
99,825,169,8.366973638534546,0.051046133041381836,10
99,902,73,3.919786214828491,0.046045541763305664,10
99,908,702,37.87031865119934,0.14212727546691895,10
99,425,68,1.7195730209350586,0.01701807975769043,10
99,250,55,0.8177506923675537,0.009007692337036133,10
99,30,399,0.7236583232879639,0.011010408401489258,10
99,408,445,10.903425931930542,0.04203653335571289,10
99,172,101,1.051931381225586,0.0050046443939208984,10
99,420,326,8.110351800918579,0.031028270721435547,10
99,529,169,5.332068681716919,0.023020505905151367,10
99,110,272,1.7851026058197021,0.011009454727172852,10
99,385,829,19.114055633544922,0.07557392120361328,10
99,518,603,18.500348567962646,0.06205415725708008,10
99,430,990,25.435027837753296,0.10509634017944336,10
99,750,347,15.576265096664429,0.05805325508117676,10
99,57,146,0.4954497814178467,0.0050048828125,10
99,748,103,4.597400426864624,0.034032583236694336,10
99,856,793,40.29264211654663,0.13912439346313477,10
99,437,348,8.997194051742554,0.033028602600097656,10
99,157,263,2.4482414722442627,0.011008262634277344,10
99,219,185,2.3901822566986084,0.010010957717895508,10
99,903,53,2.9026541709899902,0.044043540954589844,10
99,927,122,6.694051265716553,0.05304908752441406,10
99,451,403,10.848351955413818,0.03903341293334961,10
99,561,964,32.30406379699707,0.11710453033447266,10
99,901,956,51.35224199295044,0.18116331100463867,10
99,813,310,14.977429389953613,0.060053110122680664,10
99,710,902,38.15489745140076,0.13054132461547852,10
99,348,71,1.4713478088378906,0.011009454727172852,10
99,891,79,4.260344982147217,0.05004453659057617,10
99,553,432,14.290045261383057,0.051049232482910156,10
99,375,195,4.334949493408203,0.016016244888305664,10
99,34,413,0.8502213954925537,0.015012264251708984,10
99,581,86,2.9612081050872803,0.022017478942871094,10
99,27,105,0.1711559295654297,0.0,10
99,19,135,0.15413975715637207,0.005004405975341797,10
99,3,358,0.06705880165100098,0.005005598068237305,10
99,575,291,10.02600646018982,0.04003500938415527,10
99,718,666,28.52375602722168,0.10309886932373047,10
99,432,639,16.483989238739014,0.06105780601501465,10
99,391,950,22.063862085342407,0.09208846092224121,10
99,252,651,9.705280303955078,0.04103803634643555,10
99,401,178,4.245819568634033,0.01601266860961914,10
99,462,784,21.717247009277344,0.08107423782348633,10
99,966,840,48.27519512176514,0.170149564743042,10
99,997,37,2.1802303791046143,0.052049875259399414,10
99,344,703,14.39245057106018,0.055046796798706055,10
99,673,326,13.112627744674683,0.048044681549072266,10
99,979,898,52.41929769515991,0.1831669807434082,10
99,579,717,24.78272771835327,0.08707785606384277,10
99,276,218,3.5785233974456787,0.016017913818359375,10
99,13,135,0.10409402847290039,0.00400233268737793,10
99,674,321,12.935802221298218,0.050046443939208984,10
99,116,862,5.960998058319092,0.04303288459777832,10
99,846,415,21.04135799407959,0.08216023445129395,10
99,441,237,6.1856770515441895,0.027025461196899414,10
99,458,536,14.620128393173218,0.04904603958129883,10
99,68,59,0.23921632766723633,0.003003835678100586,10
99,120,275,1.9657964706420898,0.010006904602050781,10
99,439,689,17.975457668304443,0.06606173515319824,10
99,408,133,3.222520351409912,0.016016244888305664,10
99,536,681,21.75570034980774,0.07506728172302246,10
99,156,454,4.191321611404419,0.01801776885986328,10
99,54,592,1.89798903465271,0.0200192928314209,10
99,41,22,0.05504941940307617,0.0010013580322265625,10
99,138,145,1.1921052932739258,0.0059967041015625,10
99,430,888,22.723891496658325,0.0890805721282959,10
99,472,969,27.160199880599976,0.10609316825866699,10
99,626,156,5.854746103286743,0.03402900695800781,10
99,906,490,26.381351470947266,0.09708929061889648,10
99,130,271,2.098923444747925,0.010010719299316406,10
99,625,108,4.007657766342163,0.02703070640563965,10
99,829,825,40.716458559036255,0.14212894439697266,10
99,773,69,3.169910430908203,0.03703141212463379,10
99,846,303,15.238752365112305,0.0665898323059082,10
99,92,393,2.1481549739837646,0.017012834548950195,10
99,17,645,0.6575973033905029,0.020018815994262695,10
99,825,966,47.49230909347534,0.16815519332885742,10
99,455,463,12.643182039260864,0.04303741455078125,10
99,308,961,17.520344972610474,0.11710929870605469,10
99,402,538,12.929922103881836,0.043041229248046875,10
99,751,672,30.17596125602722,0.10109114646911621,10
99,410,911,22.20067572593689,0.08808183670043945,10
99,213,600,7.606698751449585,0.03103017807006836,10
99,580,721,24.972803115844727,0.0870809555053711,10
99,602,41,1.481353521347046,0.023024320602416992,10
99,277,736,12.174143552780151,0.05004525184631348,10
99,785,310,14.43005108833313,0.06321406364440918,10
99,854,72,3.660223960876465,0.04303860664367676,10
99,825,549,26.970069646835327,0.0910804271697998,10
99,127,886,6.715444564819336,0.049045562744140625,10
99,660,879,34.51602339744568,0.12110757827758789,10
99,472,634,17.81375813484192,0.06105327606201172,10
99,619,436,16.13122320175171,0.05605292320251465,10
99,706,756,31.707396984100342,0.10709428787231445,10
99,504,502,15.010732650756836,0.04804396629333496,10
99,616,447,16.475265741348267,0.05604958534240723,10
99,191,349,3.9534668922424316,0.016018390655517578,10
99,213,617,7.787996530532837,0.03803443908691406,10
99,701,247,10.373617887496948,0.04604315757751465,10
99,539,668,21.32954502105713,0.07106661796569824,10
99,146,498,4.298141241073608,0.01801300048828125,10
99,431,406,10.549498558044434,0.03703594207763672,10
99,625,57,2.123936891555786,0.02402353286743164,10
99,115,20,0.13712477684020996,0.003002643585205078,10
99,115,910,6.214620113372803,0.04504203796386719,10
99,530,409,12.8701810836792,0.046045780181884766,10
99,578,62,2.1229374408721924,0.022020339965820312,10
99,107,162,1.0329396724700928,0.0050051212310791016,10
99,904,373,20.041912317276,0.08507704734802246,10
99,355,547,11.564424991607666,0.040032386779785156,10
99,323,934,18.007412433624268,0.07907319068908691,10
99,808,938,45.05221080780029,0.16014456748962402,10
99,959,379,21.66930389404297,0.0911874771118164,10
99,396,163,3.8475723266601562,0.016016721725463867,10
99,318,331,6.247235298156738,0.027023792266845703,10
99,159,151,1.4348046779632568,0.010007858276367188,10
99,929,626,34.5405957698822,0.12210726737976074,10
99,444,638,16.92862367630005,0.05805182456970215,10
99,520,725,22.382829666137695,0.08307790756225586,10
99,875,423,22.14409041404724,0.08508181571960449,10
99,619,805,29.7536518573761,0.10709428787231445,10
99,342,992,20.105212688446045,0.0900871753692627,10
99,864,524,26.9245707988739,0.09308552742004395,10
99,318,225,4.253969192504883,0.016018390655517578,10
99,609,906,32.80323576927185,0.11410379409790039,10
99,275,6,0.09708619117736816,0.009010076522827148,10
99,263,179,2.8252604007720947,0.013017416000366211,10
99,116,232,1.648066520690918,0.0080108642578125,10
99,375,472,10.478198289871216,0.036032915115356445,10
99,151,925,8.309813499450684,0.05605030059814453,10
99,443,136,3.6578752994537354,0.018014192581176758,10
99,955,631,35.85851335525513,0.13011741638183594,10
99,279,314,5.21575927734375,0.02101922035217285,10
99,727,973,42.13506507873535,0.15614008903503418,10
99,32,374,0.7166538238525391,0.011007547378540039,10
99,945,596,33.59292411804199,0.12010693550109863,10
99,147,116,1.0129210948944092,0.005004167556762695,10
99,757,921,41.65628361701965,0.1531376838684082,10
99,21,255,0.32029151916503906,0.010010004043579102,10
99,278,863,14.266236543655396,0.06306338310241699,10
99,59,157,0.5525023937225342,0.006005525588989258,10
99,390,59,1.3713912963867188,0.015012025833129883,10
99,755,751,33.86936044692993,0.11510753631591797,10
99,703,18,0.7667026519775391,0.031029462814331055,10
99,315,944,17.625902891159058,0.08107209205627441,10
99,74,248,1.0891945362091064,0.007005453109741211,10
99,721,325,13.90321159362793,0.0520474910736084,10
99,301,844,15.150527477264404,0.0640568733215332,10
99,185,510,5.611259937286377,0.024022340774536133,10
99,550,459,14.972242593765259,0.053049564361572266,10
99,676,505,20.292761087417603,0.07106542587280273,10
99,851,493,25.037590265274048,0.08707284927368164,10
99,473,702,19.76719355583191,0.0690619945526123,10
99,233,222,3.1603381633758545,0.011012554168701172,10
99,42,422,1.055974006652832,0.015015363693237305,10
99,221,460,6.028003931045532,0.022017478942871094,10
99,216,275,3.5232582092285156,0.01300048828125,10
99,409,716,17.372623205184937,0.06505775451660156,10
99,682,60,2.454237222671509,0.02802419662475586,10
99,222,371,4.894519329071045,0.018017053604125977,10
99,707,204,8.608368873596191,0.045038700103759766,10
99,827,720,35.43786692619324,0.1211080551147461,10
99,913,504,27.38471555709839,0.10009193420410156,10
99,1,570,0.03802776336669922,0.012017488479614258,10
99,799,150,7.182828187942505,0.048046112060546875,10
99,313,552,10.292349576950073,0.03903603553771973,10
99,490,682,19.776271104812622,0.07006263732910156,10
99,976,650,37.84279537200928,0.13812565803527832,10
99,915,648,35.33925247192383,0.1261131763458252,10
99,449,910,24.308873176574707,0.09208250045776367,10
99,691,67,2.7445068359375,0.03002786636352539,10
99,761,433,19.595449209213257,0.07206249237060547,10
99,709,745,31.491162538528442,0.10409784317016602,10
99,717,103,4.401066780090332,0.03403282165527344,10
99,947,263,14.933346271514893,0.07506680488586426,10
99,143,232,1.9832711219787598,0.010009050369262695,10
99,346,921,18.898208618164062,0.07906985282897949,10
99,554,856,28.21631646156311,0.10209441184997559,10
99,660,797,31.401740074157715,0.11009907722473145,10
99,731,434,18.8843035697937,0.06606435775756836,10
99,988,107,6.29838752746582,0.061478614807128906,10
99,876,807,42.195194482803345,0.14713382720947266,10
99,141,628,5.287709951400757,0.027028322219848633,10
99,428,331,8.391231060028076,0.033031463623046875,10
99,858,944,48.22547960281372,0.17715215682983398,10
99,13,775,0.6155679225921631,0.04603838920593262,10
99,775,392,18.103633642196655,0.06606292724609375,10
99,212,458,5.743502378463745,0.021018266677856445,10
99,402,883,21.3863046169281,0.08707785606384277,10
99,491,963,28.114798545837402,0.1092684268951416,10
99,262,804,12.455570697784424,0.05905652046203613,10
99,812,597,28.932544231414795,0.10109114646911621,10
99,387,269,6.156421184539795,0.021018505096435547,10
99,39,145,0.3393099308013916,0.003002166748046875,10
99,582,498,17.2769033908844,0.05805397033691406,10
99,340,855,17.294214248657227,0.07106542587280273,10
99,583,325,11.27061939239502,0.04103660583496094,10
99,170,956,9.748558759689331,0.05805230140686035,10
99,739,228,10.18564486503601,0.053048133850097656,10
99,310,378,7.255209445953369,0.02702164649963379,10
99,12,888,0.6766135692596436,0.0430445671081543,10
99,430,37,1.0129234790802002,0.01801323890686035,10
99,317,859,16.366936206817627,0.09509086608886719,10
99,663,353,14.169593334197998,0.06506848335266113,10
99,380,145,3.2898001670837402,0.019017696380615234,10
99,745,857,38.33718419075012,0.13512516021728516,10
99,971,323,18.634963274002075,0.08407735824584961,10
99,162,775,7.4180908203125,0.040036916732788086,10
99,855,45,2.291097402572632,0.04003429412841797,10
99,742,400,17.78557825088501,0.06605911254882812,10
99,516,194,5.949734210968018,0.025022506713867188,10
99,357,487,10.298231840133667,0.03803896903991699,10
99,268,301,4.780361890792847,0.01801466941833496,10
99,623,878,32.56628203392029,0.11610531806945801,10
99,846,927,46.78303337097168,0.16414785385131836,10
99,56,94,0.31228208541870117,0.003003358840942383,10
99,178,623,6.555251359939575,0.033025503158569336,10
99,919,490,26.982221841812134,0.10109329223632812,10
99,932,661,36.689735651016235,0.12911772727966309,10
99,526,748,23.51842951774597,0.0820763111114502,10
99,661,592,23.298057079315186,0.08107900619506836,10
99,986,615,36.14208960533142,0.1331181526184082,10
99,419,575,14.302338123321533,0.05104804039001465,10
99,426,171,4.298925876617432,0.019016027450561523,10
99,301,70,1.2551469802856445,0.011012792587280273,10
99,124,795,5.866366386413574,0.03933429718017578,10
99,747,15,0.672607421875,0.029030799865722656,10
99,936,372,20.673439979553223,0.08608102798461914,10
99,451,747,20.10054111480713,0.07206583023071289,10
99,381,609,13.771477937698364,0.05204582214355469,10
99,59,180,0.6365823745727539,0.006002187728881836,10
99,883,171,8.93514347076416,0.05805206298828125,10
99,654,931,36.25300478935242,0.1291182041168213,10
99,46,698,1.9283576011657715,0.02702641487121582,10
99,22,375,0.504460334777832,0.011010169982910156,10
99,74,5,0.022020339965820312,0.004002571105957031,10
99,870,577,30.017153024673462,0.1040949821472168,10
99,953,21,1.2030978202819824,0.043042898178100586,10
99,36,60,0.12911605834960938,0.0020029544830322266,10
99,171,97,0.9878964424133301,0.008009910583496094,10
99,193,674,7.696467161178589,0.03403115272521973,10
99,354,537,11.347174406051636,0.04103660583496094,10
99,650,30,1.1700713634490967,0.02802896499633789,10
99,721,125,5.362419605255127,0.03503298759460449,10
99,291,170,2.947788953781128,0.01301431655883789,10
99,982,167,9.821890354156494,0.0650641918182373,10
99,879,164,8.574695587158203,0.05404472351074219,10
99,497,830,24.680079698562622,0.09208154678344727,10
99,314,681,12.770475387573242,0.04904675483703613,10
99,945,376,21.266518592834473,0.08707928657531738,10
99,489,54,1.6214759349822998,0.019022464752197266,10
99,641,901,34.39451289176941,0.12211465835571289,10
99,542,390,12.539336442947388,0.043039798736572266,10
99,830,289,14.340082883834839,0.060053110122680664,10
99,25,901,1.3422200679779053,0.03936600685119629,10
99,240,59,0.8457913398742676,0.007995843887329102,10
99,244,644,9.351160049438477,0.04003429412841797,10
99,67,822,3.2630505561828613,0.03507876396179199,10
99,33,593,1.1570518016815186,0.01901865005493164,10
99,643,989,37.79034638404846,0.1387627124786377,10
99,556,948,31.37932062149048,0.11810731887817383,10
99,209,686,8.529255390167236,0.03803515434265137,10
99,841,621,31.17996859550476,0.1091005802154541,10
99,720,54,2.3521108627319336,0.03403592109680176,10
99,791,980,46.158204793930054,0.16414928436279297,10
99,354,485,10.212305307388306,0.04804420471191406,10
99,789,144,6.875413417816162,0.041040658950805664,10
99,487,973,28.20415687561035,0.10809826850891113,10
99,562,719,23.97356390953064,0.08707833290100098,10
99,560,371,12.410237550735474,0.04704141616821289,10
99,118,154,1.0854973793029785,0.008009910583496094,10
99,573,973,33.16078853607178,0.12411236763000488,10
99,746,742,32.98468470573425,0.11610531806945801,10
99,349,377,7.862602949142456,0.02802562713623047,10
99,232,693,9.541686296463013,0.0470430850982666,10
99,743,26,1.188108205795288,0.03200674057006836,10
99,780,215,9.99379563331604,0.04804658889770508,10
99,227,881,11.82908296585083,0.06005454063415527,10
99,569,834,28.368621349334717,0.10109114646911621,10
99,483,519,14.906904220581055,0.05404806137084961,10
99,240,96,1.3632423877716064,0.009009361267089844,10
99,50,453,1.3435578346252441,0.015015125274658203,10
99,149,357,3.1658935546875,0.016017675399780273,10
99,833,58,2.8800208568573,0.040079355239868164,10
99,75,325,1.444324016571045,0.009009122848510742,10
99,406,667,16.15799593925476,0.05605459213256836,10
99,476,681,19.473249197006226,0.07006478309631348,10
99,945,99,5.589704275131226,0.053053855895996094,10
99,448,519,13.883839130401611,0.04804682731628418,10
99,868,606,31.325583696365356,0.11110162734985352,10
99,816,518,25.206433296203613,0.08996200561523438,10
99,742,708,31.181607246398926,0.10819029808044434,10
99,387,194,4.451356649398804,0.017014741897583008,10
99,554,80,2.6454155445098877,0.024024009704589844,10
99,155,301,2.763754367828369,0.01201486587524414,10
99,277,848,13.984846830368042,0.06105661392211914,10
99,736,405,17.839959383010864,0.0640561580657959,10
99,819,405,19.86817502975464,0.08007264137268066,10
99,2,439,0.05604887008666992,0.011011838912963867,10
99,453,333,9.046591520309448,0.035033226013183594,10
99,299,649,11.550497770309448,0.046045780181884766,10
99,455,314,8.619566917419434,0.03202962875366211,10
99,621,926,34.361637115478516,0.1241147518157959,10
99,831,904,44.90364146232605,0.15614080429077148,10
99,864,77,3.965606689453125,0.04304361343383789,10
99,6,568,0.21019291877746582,0.015012264251708984,10
99,248,742,10.92025375366211,0.05004692077636719,10
99,965,356,20.403371334075928,0.08807969093322754,10
99,197,484,5.639151573181152,0.02502131462097168,10
99,930,155,8.634624242782593,0.06005692481994629,10
99,164,457,4.488078832626343,0.020017385482788086,10
99,932,46,2.5653412342071533,0.045044898986816406,10
99,226,218,2.9126651287078857,0.011008024215698242,10
99,678,477,19.308329582214355,0.06806254386901855,10
99,360,253,5.39123797416687,0.017017364501953125,10
99,988,793,46.66465473175049,0.16818642616271973,10
99,970,788,45.45069718360901,0.1581435203552246,10
99,106,483,3.0487687587738037,0.018019914627075195,10
99,588,312,10.964401483535767,0.0420374870300293,10
99,369,838,18.394388914108276,0.07507014274597168,10
99,98,556,3.246969223022461,0.02202153205871582,10
99,959,892,51.14841294288635,0.18216872215270996,10
99,365,543,11.765328884124756,0.044043540954589844,10
99,954,17,0.9698829650878906,0.04504513740539551,10
99,865,227,11.678592920303345,0.056051015853881836,10
99,982,694,40.78829526901245,0.14513015747070312,10
99,374,348,7.706650257110596,0.031030893325805664,10
99,774,364,16.803200006484985,0.06505942344665527,10
99,956,102,5.798647165298462,0.061057090759277344,10
99,436,501,12.97646713256836,0.04604339599609375,10
99,199,612,7.255479097366333,0.034032344818115234,10
99,189,542,6.111579895019531,0.02501535415649414,10
99,384,221,5.069092512130737,0.02101874351501465,10
99,967,646,37.17363500595093,0.13112139701843262,10
99,907,645,34.95123028755188,0.12210965156555176,10
99,635,158,5.943576097488403,0.03603720664978027,10
99,377,268,5.974995374679565,0.026024580001831055,10
99,987,788,46.39495491981506,0.20517921447753906,10
99,97,553,3.183901071548462,0.01901865005493164,10
99,849,682,34.600598096847534,0.12011027336120605,10
99,281,281,4.688034296035767,0.015016317367553711,10
99,437,23,0.599545955657959,0.014504671096801758,10
99,114,654,4.413323402404785,0.030028343200683594,10
99,939,543,30.5006000995636,0.11210489273071289,10
99,371,42,0.9318544864654541,0.012011051177978516,10
99,738,502,22.082367420196533,0.07807302474975586,10
99,12,393,0.28125500679016113,0.00900888442993164,10
99,330,737,14.490727424621582,0.059055328369140625,10
99,336,9,0.18116140365600586,0.007007598876953125,10
99,189,340,3.8935132026672363,0.012012720108032227,10
99,155,715,6.600660800933838,0.03903341293334961,10
99,609,590,21.400967121124268,0.0740656852722168,10
99,666,167,6.5977911949157715,0.03903555870056152,10
99,185,346,3.774653196334839,0.016016483306884766,10
99,411,445,10.875976324081421,0.03803443908691406,10
99,802,41,1.9757938385009766,0.038037776947021484,10
99,328,970,19.050066471099854,0.08607745170593262,10
99,232,792,10.874472856521606,0.054048776626586914,10
99,585,505,17.605602264404297,0.060053110122680664,10
99,654,681,26.69616389274597,0.09318852424621582,10
99,619,131,4.873969554901123,0.026029586791992188,10
99,738,676,29.661893844604492,0.10509347915649414,10
99,696,386,15.982990741729736,0.05905723571777344,10
99,218,662,8.610933780670166,0.03803062438964844,10
99,123,488,3.5419647693634033,0.02002096176147461,10
99,961,590,33.863417863845825,0.11710476875305176,10
99,257,528,8.030678033828735,0.03202939033508301,10
99,745,523,23.24997043609619,0.08207440376281738,10
99,199,402,4.7643141746521,0.018014907836914062,10
99,41,519,1.2821760177612305,0.016016006469726562,10
99,704,835,35.30603742599487,0.11910843849182129,10
99,376,339,7.588880777359009,0.028028488159179688,10
99,681,560,22.653653860092163,0.08107733726501465,10
99,321,682,13.141672849655151,0.04904627799987793,10
99,388,441,10.12079405784607,0.03703618049621582,10
99,52,469,1.4616897106170654,0.016015052795410156,10
99,977,120,6.934213876724243,0.05805635452270508,10
99,355,396,8.406423330307007,0.0320284366607666,10
99,46,512,1.403784990310669,0.015017032623291016,10
99,704,240,10.041846513748169,0.0470426082611084,10
99,629,954,35.75263524055481,0.1281142234802246,10
99,209,587,7.261747598648071,0.03203272819519043,10
99,79,747,3.502577066421509,0.03103017807006836,10
99,752,484,21.64802598953247,0.07907295227050781,10
99,230,688,9.367217540740967,0.040040016174316406,10
99,161,454,4.422101020812988,0.022019386291503906,10
99,923,875,48.242921352386475,0.16875720024108887,10
99,208,954,11.851376056671143,0.06706476211547852,10
99,617,485,17.829813957214355,0.05604958534240723,10
99,746,609,27.111058473587036,0.0940859317779541,10
99,253,412,6.167388439178467,0.02202296257019043,10
99,992,638,37.75169372558594,0.13512158393859863,10
99,637,738,27.971531629562378,0.09608793258666992,10
99,935,153,8.514320850372314,0.059052467346191406,10
99,73,94,0.40636610984802246,0.007007598876953125,10
99,711,102,4.3179450035095215,0.032034873962402344,10
99,621,647,24.054238319396973,0.08407711982727051,10
99,367,95,2.0588717460632324,0.017022132873535156,10
99,652,610,23.69990110397339,0.0840766429901123,10
99,408,308,7.503224611282349,0.030030012130737305,10
99,456,257,6.930512428283691,0.027028799057006836,10
99,348,658,13.657451391220093,0.051046133041381836,10
99,303,647,11.684210538864136,0.04804515838623047,10
99,417,99,2.45924711227417,0.018018722534179688,10
99,624,640,23.75770139694214,0.0790719985961914,10
99,977,494,28.808610439300537,0.10909819602966309,10
99,432,978,25.102401733398438,0.10209488868713379,10
99,572,476,16.23247742652893,0.056049346923828125,10
99,963,920,52.7615270614624,0.18216443061828613,10
99,778,842,39.191418409347534,0.13712692260742188,10
99,270,960,15.34964656829834,0.0720679759979248,10
99,454,64,1.7398502826690674,0.015015125274658203,10
99,190,904,10.211101531982422,0.05505061149597168,10
99,664,746,29.50868582725525,0.10009527206420898,10
99,475,182,5.141620874404907,0.022020339965820312,10
99,287,645,10.974210500717163,0.04304075241088867,10
99,909,573,30.982449531555176,0.10810208320617676,10
99,882,819,43.11857056617737,0.15013480186462402,10
99,695,870,36.016621589660645,0.12711310386657715,10
99,922,92,5.108078479766846,0.05004620552062988,10
99,682,412,16.658896684646606,0.06205582618713379,10
99,178,467,4.962542533874512,0.02101898193359375,10
99,96,509,2.9105541706085205,0.0180208683013916,10
99,882,535,28.084493160247803,0.09909224510192871,10
99,84,992,4.930211067199707,0.05104494094848633,10
99,522,170,5.32886266708374,0.02602529525756836,10
99,796,84,3.986628293991089,0.03703880310058594,10
99,311,408,7.5301947593688965,0.02902960777282715,10
99,265,276,4.335087537765503,0.01701498031616211,10
99,165,266,2.6114590167999268,0.013015031814575195,10
99,392,291,6.832576036453247,0.022019624710083008,10
99,944,524,29.360820293426514,0.10709691047668457,10
99,937,181,10.138242244720459,0.06005430221557617,10
99,778,947,43.891730070114136,0.1564929485321045,10
99,538,77,2.4692399501800537,0.022365808486938477,10
99,419,732,18.382596254348755,0.062058210372924805,10
99,463,669,18.47818660736084,0.06506180763244629,10
99,372,229,5.047224044799805,0.01902008056640625,10
99,139,971,8.001412153244019,0.061055898666381836,10
99,565,32,1.073974847793579,0.02102065086364746,10
99,32,501,0.9568753242492676,0.014013290405273438,10
99,634,915,34.47518515586853,0.12118077278137207,10
99,144,338,2.912097930908203,0.014014244079589844,10
99,789,451,21.22975778579712,0.07907390594482422,10
99,308,686,12.528389692306519,0.050046682357788086,10
99,256,556,8.683839797973633,0.037033796310424805,10
99,67,832,3.315964937210083,0.03403329849243164,10
99,766,204,9.284852266311646,0.046045541763305664,10
99,551,579,19.093103170394897,0.06105828285217285,10
99,7,962,0.4067039489746094,0.04604482650756836,10
99,736,957,41.926547050476074,0.15213656425476074,10
99,400,62,1.4696745872497559,0.014014720916748047,10
99,331,25,0.4964568614959717,0.00800943374633789,10
99,653,834,32.556129932403564,0.11209988594055176,10
99,188,458,5.084711074829102,0.021017074584960938,10
99,106,995,6.338849067687988,0.05605292320251465,10
99,230,622,8.49440622329712,0.0370330810546875,10
99,696,388,16.03926682472229,0.059052228927612305,10
99,686,848,34.8650963306427,0.1191091537475586,10
99,515,89,2.7456228733062744,0.02101922035217285,10
99,642,734,28.04203701019287,0.0990903377532959,10
99,472,772,21.763930082321167,0.08208012580871582,10
99,440,638,16.78556180000305,0.05905508995056152,10
99,882,238,12.478883028030396,0.06305813789367676,10
99,655,33,1.2844269275665283,0.026030778884887695,10
99,992,820,48.47303009033203,0.1701514720916748,10
99,747,57,2.5293145179748535,0.03303122520446777,10
99,75,40,0.18116354942321777,0.002003192901611328,10
99,343,858,17.562408685684204,0.0720677375793457,10
99,387,718,16.643015384674072,0.06205940246582031,10
99,156,821,7.5625526905059814,0.041039466857910156,10
99,424,450,11.415013313293457,0.039034366607666016,10
99,418,458,11.368305683135986,0.039032697677612305,10
99,531,468,14.783849239349365,0.047043800354003906,10
99,934,832,46.29357624053955,0.16415119171142578,10
99,802,217,10.3235342502594,0.051047325134277344,10
99,140,710,5.897354364395142,0.03303122520446777,10
99,532,81,2.62282133102417,0.03403282165527344,10
99,701,247,10.275258541107178,0.04504275321960449,10
99,288,653,11.22883653640747,0.04603981971740723,10
99,722,196,8.396248579025269,0.04404139518737793,10
99,366,157,3.4743576049804688,0.018018245697021484,10
99,312,812,15.054226875305176,0.06005382537841797,10
99,714,664,28.222848415374756,0.09708762168884277,10
99,1,366,0.023022174835205078,0.007004261016845703,10
99,738,96,4.232044458389282,0.03603649139404297,10
99,553,127,4.240967273712158,0.02602100372314453,10
99,913,568,30.974384546279907,0.109100341796875,10
99,385,345,7.948896884918213,0.03002619743347168,10
99,24,173,0.2502281665802002,0.006004810333251953,10
99,640,642,24.649259328842163,0.0860745906829834,10
99,149,397,3.538456439971924,0.014015674591064453,10
99,358,775,16.539528369903564,0.06606268882751465,10
99,58,131,0.44940924644470215,0.0050046443939208984,10
99,383,157,3.5657429695129395,0.02001953125,10
99,788,1000,47.00559735298157,0.1701512336730957,10
99,588,153,5.318317651748657,0.030031919479370117,10
99,336,100,1.9902477264404297,0.013013124465942383,10
99,83,565,2.784001588821411,0.021027565002441406,10
99,544,616,19.918221950531006,0.06806087493896484,10
99,276,281,4.592190980911255,0.013014078140258789,10
99,481,435,12.416362762451172,0.04304051399230957,10
99,767,699,32.077301025390625,0.11010193824768066,10
99,551,654,21.44377851486206,0.07506823539733887,10
99,568,432,14.602601528167725,0.05104351043701172,10
99,534,362,11.605482816696167,0.04104161262512207,10
99,269,150,2.3985772132873535,0.010009765625,10
99,504,146,4.3731019496917725,0.022022247314453125,10
99,78,256,1.1850745677947998,0.009011268615722656,10
99,404,838,20.27538299560547,0.07806825637817383,10
99,324,827,15.911956787109375,0.06405472755432129,10
99,212,821,10.37121319770813,0.0520479679107666,10
99,819,900,44.22019124031067,0.15213441848754883,10
99,842,218,10.90598440170288,0.05905318260192871,10
99,656,837,32.874460220336914,0.11711454391479492,10
99,915,45,2.4646120071411133,0.04304003715515137,10
99,644,611,23.421229362487793,0.08356881141662598,10
99,567,75,2.52056622505188,0.02102208137512207,10
99,139,125,1.029935598373413,0.008006811141967773,10
99,12,84,0.06005382537841797,0.003003835678100586,10
99,859,693,35.631624698638916,0.1221156120300293,10
99,286,915,15.577489614486694,0.06905984878540039,10
99,916,385,21.041072130203247,0.08407783508300781,10
99,220,639,8.303541898727417,0.03904008865356445,10
99,898,669,35.854300022125244,0.12511658668518066,10
99,661,31,1.2301247119903564,0.027025461196899414,10
99,510,869,26.43539261817932,0.09809017181396484,10
99,571,670,22.93648409843445,0.08007407188415527,10
99,834,709,35.115700483322144,0.12318921089172363,10
99,581,766,26.59425139427185,0.09608817100524902,10
99,563,584,19.52503204345703,0.06606173515319824,10
99,427,384,9.756280899047852,0.036034345626831055,10
99,896,620,33.254202365875244,0.11710405349731445,10
99,962,441,25.244985103607178,0.10027027130126953,10
99,310,745,13.68502402305603,0.05305171012878418,10
99,580,409,14.184242010116577,0.05204916000366211,10
99,218,632,8.295544624328613,0.03903770446777344,10
99,348,722,14.907553672790527,0.05905580520629883,10
99,212,676,8.49825119972229,0.03803610801696777,10
99,408,998,24.19136619567871,0.10309839248657227,10
99,70,970,4.033082723617554,0.04904341697692871,10
99,945,49,2.7735447883605957,0.04704546928405762,10
99,976,164,9.704242706298828,0.06606388092041016,10
99,846,343,17.366149425506592,0.06906390190124512,10
99,651,14,0.5464959144592285,0.025022506713867188,10
99,138,841,6.903636932373047,0.04103660583496094,10
99,554,451,14.833071947097778,0.05205059051513672,10
99,763,179,8.09704303741455,0.046041250228881836,10
99,789,303,14.285316228866577,0.05805325508117676,10
99,671,818,32.841259479522705,0.11009931564331055,10
99,315,381,7.109045505523682,0.028026103973388672,10
99,32,318,0.608551025390625,0.009011507034301758,10
99,894,480,25.592522144317627,0.09208536148071289,10
99,157,102,0.9668772220611572,0.007008075714111328,10
99,949,359,20.33158588409424,0.08607840538024902,10
99,826,827,40.770654916763306,0.14312982559204102,10
99,146,189,1.665778636932373,0.010010957717895508,10
99,270,886,14.226545095443726,0.06604790687561035,10
99,630,486,18.314172744750977,0.06205582618713379,10
99,849,389,19.648464918136597,0.07807087898254395,10
99,126,491,3.6458969116210938,0.020017623901367188,10
99,983,18,1.06097412109375,0.04604220390319824,10
99,54,686,2.1944360733032227,0.024022340774536133,10
99,439,353,9.323700904846191,0.03403139114379883,10
99,437,68,1.7806284427642822,0.015006303787231445,10
99,521,260,8.069390773773193,0.035036563873291016,10
99,607,81,2.9822123050689697,0.022021055221557617,10
99,773,125,5.730609655380249,0.03903841972351074,10
99,957,385,21.87870478630066,0.09508562088012695,10
99,718,557,23.868505239486694,0.0820763111114502,10
99,114,346,2.358410120010376,0.01001119613647461,10
99,894,623,33.15995931625366,0.1171102523803711,10
99,896,494,26.466598987579346,0.09608840942382812,10
99,951,957,54.27005743980408,0.19117474555969238,10
99,320,607,11.565574645996094,0.04203486442565918,10
99,28,406,0.6946308612823486,0.013013601303100586,10
99,951,141,8.075130224227905,0.06005597114562988,10
99,554,691,22.740203380584717,0.08107161521911621,10
99,794,588,27.85904359817505,0.10109138488769531,10
99,882,977,51.31906270980835,0.1831653118133545,10
99,911,144,7.79110860824585,0.055049896240234375,10
99,751,892,39.985116720199585,0.13912534713745117,10
99,884,23,1.2191076278686523,0.04103899002075195,10
99,519,180,5.541336297988892,0.02502131462097168,10
99,96,338,1.9370203018188477,0.012011051177978516,10
99,525,630,19.635430574417114,0.06506037712097168,10
99,377,905,20.43350076675415,0.08206582069396973,10
99,786,156,7.276196002960205,0.04404091835021973,10
99,711,726,30.668869733810425,0.1060941219329834,10
99,275,576,9.456520080566406,0.0370330810546875,10
99,840,534,26.72788166999817,0.10009193420410156,10
99,723,459,19.747753381729126,0.07206916809082031,10
99,987,447,26.24486470222473,0.10209226608276367,10
99,451,613,16.487041234970093,0.058053016662597656,10
99,302,994,17.80996060371399,0.08607816696166992,10
99,932,973,53.96977758407593,0.19117236137390137,10
99,600,102,3.61600661277771,0.02402186393737793,10
99,602,933,33.38230013847351,0.12011098861694336,10
99,207,553,6.794449806213379,0.02902984619140625,10
99,662,749,29.583904504776,0.10209274291992188,10
99,733,510,22.227279901504517,0.08006811141967773,10
99,920,876,48.104625940322876,0.1661531925201416,10
99,873,902,47.053497552871704,0.16214752197265625,10
99,844,452,22.73685097694397,0.08411073684692383,10
99,65,12,0.04403948783874512,0.005004405975341797,10
99,58,545,1.8907029628753662,0.020019054412841797,10
99,515,136,4.167171239852905,0.022021770477294922,10
99,105,911,5.668726444244385,0.04504275321960449,10
99,645,734,28.195590257644653,0.09909343719482422,10
99,238,758,10.671876668930054,0.04804491996765137,10
99,823,446,21.820231914520264,0.08207392692565918,10
99,642,264,10.018990755081177,0.04303622245788574,10
99,6,77,0.026022911071777344,0.0020020008087158203,10
99,269,410,6.626863956451416,0.02302384376525879,10
99,734,591,25.855556964874268,0.08707833290100098,10
99,898,221,11.936977863311768,0.0640571117401123,10
99,599,17,0.6098155975341797,0.022021770477294922,10
99,757,223,10.02309536933899,0.04904770851135254,10
99,930,991,54.83235144615173,0.19268321990966797,10
99,876,859,44.96564698219299,0.15914559364318848,10
99,314,478,8.991486072540283,0.03302931785583496,10
99,990,70,4.1247639656066895,0.05405616760253906,10
99,531,140,4.435231924057007,0.024022579193115234,10
99,116,873,5.9893271923065186,0.047045230865478516,10
99,399,375,8.847651720046997,0.03102731704711914,10
99,458,266,7.3351006507873535,0.0270230770111084,10
99,452,832,22.422787189483643,0.08607935905456543,10
99,689,906,37.12764859199524,0.13010859489440918,10
99,422,992,24.856377124786377,0.10409235954284668,10
99,914,316,17.17210865020752,0.07807421684265137,10
99,326,695,13.415748357772827,0.05404806137084961,10
99,791,228,10.673685312271118,0.05204582214355469,10
99,785,779,36.45085144042969,0.12211179733276367,10
99,964,927,53.35554003715515,0.18416786193847656,10
99,701,546,22.762929677963257,0.07806754112243652,10
99,210,750,9.429360389709473,0.04604482650756836,10
99,301,145,2.582353353500366,0.01101374626159668,10
99,99,33,0.1951766014099121,0.0030012130737304688,10
99,365,355,7.699493885040283,0.030027151107788086,10
99,750,832,37.15034818649292,0.12711572647094727,10
99,958,920,52.470165967941284,0.1831653118133545,10
99,225,766,10.177923679351807,0.04804253578186035,10
99,964,257,14.771867752075195,0.07314801216125488,10
99,736,740,32.36168313026428,0.11110234260559082,10
99,901,632,33.863534450531006,0.11810517311096191,10
99,489,590,17.108872652053833,0.05505180358886719,10
99,792,703,33.12762236595154,0.11710309982299805,10
99,757,259,11.661385536193848,0.05104565620422363,10
99,720,788,33.74828362464905,0.11910557746887207,10
99,115,93,0.6545932292938232,0.009009599685668945,10
99,613,813,29.707743883132935,0.10409379005432129,10
99,947,309,17.395099878311157,0.0820763111114502,10
99,681,80,3.2672488689422607,0.027026653289794922,10
99,666,394,15.558159589767456,0.05906200408935547,10
99,104,726,4.540248155593872,0.030026912689208984,10
99,938,262,14.659453868865967,0.0740654468536377,10
99,533,135,4.2710654735565186,0.022020816802978516,10
99,683,177,7.211072683334351,0.036032915115356445,10
99,229,996,13.527704954147339,0.0770721435546875,10
99,63,760,2.851986885070801,0.031028032302856445,10
99,874,53,2.755507469177246,0.03903532028198242,10
99,844,589,29.698166131973267,0.10738158226013184,10
99,171,842,8.537899017333984,0.04904484748840332,10
99,301,282,5.033611536026001,0.024024248123168945,10
99,714,830,35.197338581085205,0.12010669708251953,10
99,690,935,38.42390060424805,0.1361243724822998,10
99,212,314,3.9566075801849365,0.016018390655517578,10
99,15,866,0.7731492519378662,0.03659510612487793,10
99,970,438,25.19216823577881,0.10109353065490723,10
99,41,299,0.7436728477478027,0.0080108642578125,10
99,682,961,38.99520754814148,0.14210033416748047,10
99,58,85,0.29326438903808594,0.0030045509338378906,10
99,509,830,25.137743949890137,0.09108471870422363,10
99,509,316,9.612985134124756,0.03803372383117676,10
99,638,570,21.663028717041016,0.07706975936889648,10
99,230,103,1.4119007587432861,0.009008407592773438,10
99,396,482,11.329449892044067,0.03903388977050781,10
99,496,634,18.703582525253296,0.06506085395812988,10
99,606,507,18.36876344680786,0.06005525588989258,10
99,559,319,10.664791107177734,0.042038679122924805,10
99,810,957,46.20151376724243,0.16415023803710938,10
99,52,55,0.17015576362609863,0.0020029544830322266,10
99,383,765,17.447629928588867,0.06706595420837402,10
99,685,229,9.286795616149902,0.043038368225097656,10
99,210,773,9.610025882720947,0.0470426082611084,10
99,848,672,33.962202072143555,0.11910748481750488,10
99,760,649,29.336139917373657,0.10209417343139648,10
99,425,4,0.10208892822265625,0.01401519775390625,10
99,659,832,32.80864405632019,0.11513829231262207,10
99,48,474,1.3512327671051025,0.013013124465942383,10
99,298,840,14.845509052276611,0.0640566349029541,10
99,744,503,22.237553596496582,0.08007073402404785,10
99,600,813,29.146108627319336,0.0990896224975586,10
99,830,355,17.518065452575684,0.069061279296875,10
99,375,997,22.141412258148193,0.10009098052978516,10
99,492,805,23.638604640960693,0.0890812873840332,10
99,811,353,17.010947465896606,0.06505942344665527,10
99,783,269,12.469141483306885,0.05505084991455078,10
99,192,498,5.706008195877075,0.021019935607910156,10
99,368,561,12.190998792648315,0.04203963279724121,10
99,555,241,7.935863494873047,0.03803730010986328,10
99,896,373,20.011094331741333,0.08107948303222656,10
99,477,551,15.600949048995972,0.0520472526550293,10
99,928,822,45.501054525375366,0.15914273262023926,10
99,302,839,15.073488235473633,0.06606054306030273,10
99,319,688,13.082442283630371,0.04997420310974121,10
99,306,721,13.086181879043579,0.052048444747924805,10
99,586,76,2.6554577350616455,0.023022890090942383,10
99,337,912,18.357913970947266,0.07807278633117676,10
99,675,503,20.188187837600708,0.07106423377990723,10
99,791,204,9.588812589645386,0.053047895431518555,10
99,912,725,39.408344984054565,0.13712668418884277,10
99,165,331,3.237950086593628,0.014017581939697266,10
99,163,862,8.417978286743164,0.053048133850097656,10
99,35,387,0.8341846466064453,0.011015176773071289,10
99,548,15,0.5044641494750977,0.0200197696685791,10
99,797,764,36.214372396469116,0.12311244010925293,10
99,589,756,26.71162986755371,0.09108185768127441,10
99,104,42,0.26324033737182617,0.004003047943115234,10
99,831,946,47.126474142074585,0.17061185836791992,10
99,534,350,11.156728744506836,0.04104161262512207,10
99,180,649,6.914832353591919,0.032028913497924805,10
99,995,854,50.69444513320923,0.17916131019592285,10
99,645,82,3.2199299335479736,0.02902841567993164,10
99,289,525,8.976962327957153,0.03403139114379883,10
99,351,147,3.084803342819214,0.015016794204711914,10
99,800,820,39.055861473083496,0.13163232803344727,10
99,178,562,5.998946189880371,0.029029369354248047,10
99,160,199,1.8837201595306396,0.010011911392211914,10
99,58,160,0.5525014400482178,0.0050048828125,10
99,858,762,39.0401029586792,0.1311194896697998,10
99,58,525,1.8086557388305664,0.019013166427612305,10
99,891,285,15.012754440307617,0.06706023216247559,10
99,902,572,30.881930351257324,0.10909891128540039,10
99,979,780,45.62183380126953,0.16215085983276367,10
99,115,187,1.2791757583618164,0.008008241653442383,10
99,717,519,22.070314168930054,0.0790708065032959,10
99,961,82,4.76591944694519,0.05405783653259277,10
99,118,418,2.9191770553588867,0.014012813568115234,10
99,25,19,0.030027389526367188,0.0,10
99,323,236,4.520837068557739,0.01601386070251465,10
99,760,489,22.0793035030365,0.07806992530822754,10
99,780,920,42.70231819152832,0.15013408660888672,10
99,752,723,32.33232641220093,0.1171107292175293,10
99,953,116,6.630045413970947,0.05404949188232422,10
99,409,847,20.593411684036255,0.08207345008850098,10
99,464,242,6.677430152893066,0.026022672653198242,10
99,864,622,31.9547119140625,0.11010193824768066,10
99,625,519,19.247952461242676,0.06606125831604004,10
99,409,868,21.081446647644043,0.08507418632507324,10
99,761,325,14.776854753494263,0.059102773666381836,10
99,685,718,29.28915786743164,0.1003572940826416,10
99,571,760,25.853386640548706,0.09108257293701172,10
99,941,66,3.6962385177612305,0.049048662185668945,10
99,366,128,2.785604476928711,0.0150146484375,10
99,490,722,21.125114917755127,0.07406473159790039,10
99,138,346,2.833704948425293,0.0150146484375,10
99,677,63,2.5295207500457764,0.027028322219848633,10
99,863,636,32.596495151519775,0.11210799217224121,10
99,569,86,2.9071052074432373,0.023021936416625977,10
99,384,652,15.026156663894653,0.053049564361572266,10
99,883,915,48.07526993751526,0.16714978218078613,10
99,790,147,6.897838592529297,0.04104447364807129,10
99,248,364,5.411932706832886,0.02101874351501465,10
99,648,958,36.92008447647095,0.1311178207397461,10
99,950,231,13.060595035552979,0.0690619945526123,10
99,14,596,0.4974656105041504,0.020013093948364258,10
99,3,363,0.06806039810180664,0.009008407592773438,10
99,697,548,22.965510606765747,0.08007121086120605,10
99,234,945,13.150742292404175,0.06906366348266602,10
99,151,217,1.939765214920044,0.011012554168701172,10
99,927,806,44.48009252548218,0.16114497184753418,10
99,841,267,13.314728021621704,0.060057878494262695,10
99,219,86,1.1220192909240723,0.007007122039794922,10
99,173,698,7.156380653381348,0.03302955627441406,10
